City2,mahoz
חוות שיקמים,נגב
שחר,נגב
תירוש,השפלה וההר
"ניר ח""ן",נגב
ניר ח''ן,נגב
חצבה,נגב
נועם,נגב
בית ניר,נגב
שדה משה,נגב
באר אורה,נגב
מקווה ישראל,מרכז
אמציה,נגב
לכיש,נגב
ראש פינה,גולן גליל
אזור תעשייה צ.ח.ר,גולן גליל
שדות מיכה,השפלה וההר
מזכרת בתיה,השפלה וההר
יסוד המעלה,גולן גליל
אופקים,נגב
עוצם,נגב
בת שלמה,מרכז
גדות,גולן גליל
שדה דוד,נגב
איתן,נגב
גפן,השפלה וההר
אליכין,מרכז
מטולה,גולן גליל
זוהר,נגב
יבנאל,עמקים
כפר תבור,עמקים
מנחמיה,עמקים
אילנייה,עמקים
לוזית,השפלה וההר
עתלית,מרכז
המכללה האקדמית כנרת,עמקים
נוגה,נגב
פוריה כפר עבודה,עמקים
כנרת (קבוצה),עמקים
כינרת קבוצה,עמקים
מצפה,עמקים
בית ירח,עמקים
נחושה,השפלה וההר
דגניה ב,עמקים
דגניה א',עמקים
דגניה א,עמקים
כנרת (מושבה),עמקים
כינרת מושבה,עמקים
"יד רמב""ם",השפלה וההר
יד רמב''ם,השפלה וההר
מגדל,עמקים
מרחביה (קיבוץ),עמקים
מרחביה קיבוץ,עמקים
אור הנר,נגב
ניר עוז,נגב
אשדוד,השפלה וההר
אל עזי,השפלה וההר
אשבול,נגב
גן שמואל,מרכז
עין הוד,מרכז
כפר גלעדי,גולן גליל
כפר יובל,גולן גליל
איילת השחר,גולן גליל
קריית ענבים,השפלה וההר
דגניה ב',עמקים
נהלל,עמקים
עין חרוד (מאוחד),עמקים
קבוצת גבע,עמקים
תל יוסף,עמקים
כפר יחזקאל,עמקים
שאנטי במדבר,נגב
גבע,עמקים
כרם בן שמן,השפלה וההר
עין חרוד (איחוד),עמקים
חפצי-בה,עמקים
גיניגר,עמקים
בלפוריה,עמקים
בית אלפא,עמקים
יגור,עמקים
מרחביה (מושב),עמקים
מרחביה מושב,עמקים
"כפר מל""ל",מרכז
כפר מל''ל,מרכז
מצפה רמון,נגב
מאיר שפיה,מרכז
תל עדשים,עמקים
מזרע,עמקים
כפר גדעון,עמקים
כפר סילבר,נגב
כפר חסידים א',עמקים
כפר חסידים,עמקים
אדירים,עמקים
ישובי אומן,עמקים
חופית,מרכז
רמת ישי,עמקים
כעביה,עמקים
שריד,עמקים
שריגים,השפלה וההר
רמת רחל,השפלה וההר
סתריה,השפלה וההר
גת רימון,מרכז
משמר העמק,עמקים
כפר ברוך,עמקים
גבת,עמקים
יפעת,עמקים
רמת דוד,עמקים
עין שמר,מרכז
כפר יהושע,עמקים
ברק,עמקים
שדה יעקב,עמקים
בית זרע,עמקים
גן שלמה,השפלה וההר
גדיש,עמקים
דבורה,עמקים
גבעת ברנר,השפלה וההר
תל מונד,מרכז
אזור תעשייה באר טוביה,השפלה וההר
באר טוביה,השפלה וההר
עיינות,השפלה וההר
עין ורד,מרכז
נען,השפלה וההר
בית חנן,השפלה וההר
חולדה,השפלה וההר
חירות,מרכז
תימורים,השפלה וההר
מלאה,עמקים
ניר יפה,עמקים
חצור,השפלה וההר
גן יבנה,השפלה וההר
עין החורש,מרכז
כפר יונה,מרכז
כפר יעבץ,מרכז
פרדסייה,מרכז
פרדסיה,מרכז
גבעת חיים (מאוחד),מרכז
נטעים,השפלה וההר
אביחיל,מרכז
אפיקים,עמקים
"כפר ביל""ו",השפלה וההר
כפר ביל''ו,השפלה וההר
רמת יוחנן,עמקים
אבן יהודה,מרכז
ירקונה,מרכז
רמת הכובש,מרכז
נעורים,מרכז
כפר הס,מרכז
אשדות יעקב איחוד,עמקים
אשדות יעקב (מאוחד),עמקים
כפר פינס,מרכז
כפר ויתקין,מרכז
הדר עם,מרכז
כפר החורש,עמקים
כפר חיים,מרכז
משמר השרון,מרכז
קדימה-צורן,מרכז
גיבתון,השפלה וההר
מעברות,מרכז
צופית,מרכז
אשדות יעקב (איחוד),עמקים
בית ינאי,מרכז
בית עובד,השפלה וההר
אלישיב,מרכז
חגלה,מרכז
רמות השבים,מרכז
"גבעת ח""ן",מרכז
גבעת חן,מרכז
מוצא עילית,השפלה וההר
בית צבי,מרכז
משמרות,מרכז
"כפר הרא""ה",מרכז
גני עם,מרכז
חיבת ציון,מרכז
כפר ביאליק,עמקים
עין עירון,מרכז
שושנת העמקים,מרכז
גן השומרון,מרכז
גני תקווה,מרכז
מעש,מרכז
שפיים,מרכז
כפר ידידיה,מרכז
ביצרון,השפלה וההר
חבצלת השרון,מרכז
שער העמקים,עמקים
גן חיים,מרכז
יקנעם עילית,עמקים
יקנעם המושבה והזורע,עמקים
יקנעם (מושבה),עמקים
יערות הכרמל,עמקים
גבעת וולפסון,עמקים
אזור תעשייה יקנעם עילית,עמקים
בית השיטה,עמקים
תקומה וחוות יזרעם,נגב
נתיבות,נגב
רשפון,מרכז
בית שערים,עמקים
כפר סירקין,מרכז
הזורע,עמקים
ביתן אהרן,מרכז
חולתה,גולן גליל
כפר המכבי,עמקים
כפר חיטים,עמקים
ניר דוד (תל עמל),עמקים
נופך,השפלה וההר
שדה נחום,עמקים
גינוסר,עמקים
מסדה,עמקים
שער הגולן,עמקים
אשדות יעקב מאוחד,עמקים
בית יוסף,עמקים
כפר שמריהו,מרכז
טירת צבי,עמקים
מולדת,עמקים
עין השופט,עמקים
מעוז חיים,עמקים
עין גב,עמקים
כפר מנחם,נגב
צור משה,מרכז
אושה,עמקים
חניתה,גולן גליל
פקיעין חדשה,גולן גליל
פקיעין,גולן גליל
שבי ציון,גולן גליל
שדה ורבורג,מרכז
אלונים,עמקים
מעלה החמישה,השפלה וההר
תל יצחק,מרכז
בית יהושע,מרכז
עין המפרץ,גולן גליל
מעיין צבי,מרכז
שרונה,עמקים
שדה יואב,נגב
אילון,גולן גליל
כפר רופין,עמקים
נווה איתן,עמקים
כפר מסריק,גולן גליל
מסילות,עמקים
דלייה,עמקים
בית עוזיאל,השפלה וההר
דפנה,גולן גליל
קיבוץ דן,גולן גליל
דן,גולן גליל
שדה אליהו,עמקים
גשר,עמקים
שדמות דבורה,עמקים
הזורעים,עמקים
מחניים,גולן גליל
מנחת מחניים,גולן גליל
נהורה,נגב
כפר גליקסון,מרכז
גן שורק,השפלה וההר
נווה ים,מרכז
אפק,גולן גליל
נגבה,נגב
כפר נטר,מרכז
בית אורן,מרכז
עמיעוז,נגב
עמיר,גולן גליל
כפר ורבורג,השפלה וההר
בית הלל,גולן גליל
שאר ישוב,גולן גליל
מצובה,גולן גליל
בית יצחק-שער חפר,מרכז
שדות ים,מרכז
עזוז,נגב
שדה נחמיה,גולן גליל
אלומות,עמקים
ניר צבי,השפלה וההר
קבוצת יבנה,השפלה וההר
רמת השופט,עמקים
דורות,נגב
איבים,נגב
רמת צבי,עמקים
גת (קיבוץ),נגב
גברעם,נגב
חמדיה,עמקים
מענית,מרכז
כפר סאלד,גולן גליל
גליל ים,מרכז
מנרה,גולן גליל
ניר עם,נגב
מטווח ניר עם,נגב
ניצן,נגב
גבולות,נגב
בית זיד,עמקים
רביבים,נגב
חורשים,מרכז
הגושרים,גולן גליל
כפר בלום,גולן גליל
יד מרדכי,נגב
ניצנים,נגב
ניצנה,נגב
"גבעת ניל""י",מרכז
רוחמה,נגב
חפץ חיים,השפלה וההר
כפר אוריה,השפלה וההר
בית קשת,עמקים
שמיר,גולן גליל
עין העמק,עמקים
בירייה,גולן גליל
ביריה,גולן גליל
גלעד (אבן יצחק),עמקים
גזר,השפלה וההר
כדורי,עמקים
רמות נפתלי,גולן גליל
בית הלוי,מרכז
חוקוק,עמקים
מגל,מרכז
עברון,גולן גליל
המעפיל,מרכז
משגב עם,גולן גליל
גאולים,מרכז
להבות הבשן,גולן גליל
מכמורת,מרכז
"עין הנצי""ב",עמקים
עמיעד,גולן גליל
בני דרור,מרכז
כפר מונש,מרכז
כפר קיש,עמקים
בצרה,מרכז
רגבה,גולן גליל
קדמה,נגב
גלאון,נגב
שובל,נגב
משמר הנגב,נגב
נבטים,נגב
חצרים,נגב
שרשרת,נגב
בארי,נגב
אבן שמואל,נגב
ניר יצחק,נגב
אורים,נגב
נווה אילן,השפלה וההר
חצור-אשדוד,השפלה וההר
דברת,עמקים
נאות מרדכי,גולן גליל
יחיעם,גולן גליל
קריית שלמה,מרכז
צאלים,נגב
קלחים,נגב
שוקדה,נגב
מעיין ברוך,גולן גליל
יקום,מרכז
בני ציון,מרכז
סעד,נגב
משאבי שדה,נגב
חרב לאת,מרכז
העוגן,מרכז
גבים,נגב
משמרת,מרכז
עין כרמל,מרכז
כפר גלים,מרכז
ואדי אל חמאם,עמקים
ברור חיל,נגב
מתחם פי גלילות,מרכז
אלוני אבא,עמקים
כפר טבאש,עמקים
בית לחם הגלילית,עמקים
חג'אג'רה,עמקים
דלתון,גולן גליל
שמרת,גולן גליל
שומרת,גולן גליל
נחשולים,מרכז
החותרים,מרכז
נצר סרני,השפלה וההר
עין דור,עמקים
רשפים,עמקים
שלוחות,עמקים
יסודות,השפלה וההר
גדעונה,עמקים
כפר הנשיא,גולן גליל
רגבים,מרכז
רמות מנשה,עמקים
אודים,מרכז
נורדייה,מרכז
בני עטרות,השפלה וההר
נחלים,השפלה וההר
בארות יצחק,השפלה וההר
יזרעאל,עמקים
יפתח,גולן גליל
סער,גולן גליל
שורש,השפלה וההר
גזית,עמקים
רמת רזיאל,השפלה וההר
טל שחר,השפלה וההר
געתון,גולן גליל
הראל,השפלה וההר
צובה,השפלה וההר
בית דגן,השפלה וההר
קריית עקרון,השפלה וההר
אבו גוש,השפלה וההר
אבו סנאן,גולן גליל
דחי,עמקים
אם-אל-גנם,עמקים
אכסאל,עמקים
בית ג'ן,גולן גליל
בית ג'אן,גולן גליל
מגאר,גולן גליל
בועיינה-נוג'ידאת,עמקים
בית סוהר צלמון,עמקים
בענה,גולן גליל
ג'ולס,גולן גליל
ג'ש (גוש חלב),גולן גליל
דיר אל,גולן גליל
דבורייה,עמקים
דבוריה,עמקים
דיר אל-אסד,גולן גליל
לוטם וחמדון,גולן גליל
דייר חנא,גולן גליל
דיר חנא,גולן גליל
דייר ראפאת,השפלה וההר
אדוריים,השפלה וההר
דאלית אל-כרמל,מרכז
דלית אל כרמל,מרכז
חורפיש,גולן גליל
טייבה (בעמק),עמקים
טורעאן,עמקים
יפיע,עמקים
ירכא,גולן גליל
כאבול,גולן גליל
כאוכב אבו אלהיג'א,גולן גליל
כאוכב אבו אל-היג'א,גולן גליל
כפר יסיף,גולן גליל
כפר יאסיף,גולן גליל
ג'וליס,גולן גליל
כפר כמא,עמקים
כפר כנא,עמקים
כפר מנדא,עמקים
עילוט,עמקים
כפר מצר,עמקים
עין ראפה,השפלה וההר
מג'ד אל-כרום,גולן גליל
מג'דל כרום,גולן גליל
מזרעה,גולן גליל
מעיליא,גולן גליל
משהד,עמקים
עין נקובא,השפלה וההר
נחף,גולן גליל
ניין,עמקים
נאעורה,עמקים
נעורה,עמקים
סאג'ור,גולן גליל
סולם,עמקים
שזור,גולן גליל
עוזייר,עמקים
אעבלין,גולן גליל
עילבון,עמקים
עיילבון,עמקים
בועיינה,עמקים
עראבה,גולן גליל
אזור תעשייה רותם,נגב
עין מאהל,עמקים
עספיא,מרכז
פסוטה,גולן גליל
פקיעין (בוקייעה),גולן גליל
פוריידיס,מרכז
שעב,גולן גליל
רומאנה,עמקים
ריחאנייה,גולן גליל
ג'סר א-זרקא,מרכז
ריינה,עמקים
ראמה,גולן גליל
עין אל-אסד,גולן גליל
טמרה (יזרעאל),עמקים
גנות הדר,מרכז
ניר בנים,השפלה וההר
שדמה,השפלה וההר
בוסתן הגליל,גולן גליל
בית אלעזרי,השפלה וההר
משמר דוד,השפלה וההר
רבדים,נגב
אזור,מרכז
גבעת שמש,השפלה וההר
צרעה,השפלה וההר
מעונה,גולן גליל
בית גמליאל,השפלה וההר
בית העמק,גולן גליל
מבקיעים,נגב
גשר הזיו,גולן גליל
יסעור,גולן גליל
כברי,גולן גליל
יד בנימין,השפלה וההר
סאסא,גולן גליל
כפר ראש הנקרה,גולן גליל
ראש הנקרה,גולן גליל
"כרם מהר""ל",מרכז
כרם מהר''ל,מרכז
כפר הנגיד,השפלה וההר
זיקים,נגב
לביא,עמקים
מגידו,עמקים
סביון,מרכז
כפר הרי''ף וצומת ראם,השפלה וההר
בני ראם,השפלה וההר
פארק תעשייה ראם,השפלה וההר
בצת,גולן גליל
חוף בצת,גולן גליל
נווה אור,עמקים
עשרת,השפלה וההר
בני דרום,השפלה וההר
מתחם בני דרום,השפלה וההר
ערוגות,השפלה וההר
צפרייה,השפלה וההר
צפריה,השפלה וההר
לוחמי הגיטאות,גולן גליל
לוחמי הגטאות,גולן גליל
מלכייה,גולן גליל
מלכיה,גולן גליל
פלמחים,השפלה וההר
פארק תעשיות פלמחים,השפלה וההר
בית קמה,נגב
פרוד,גולן גליל
נירים,נגב
אלקוש,גולן גליל
בית עריף,השפלה וההר
כפר שמאי,גולן גליל
מזור,השפלה וההר
ספסופה,גולן גליל
מירון,גולן גליל
בית ספר שדה מירון,גולן גליל
כפר חושן,גולן גליל
סתרייה,השפלה וההר
צרופה,מרכז
ציפורי,עמקים
שומרה,גולן גליל
זרעית,גולן גליל
קדרון,השפלה וההר
רינתיה,השפלה וההר
ברקאי,מרכז
חדיד,השפלה וההר
בית גוברין,נגב
משואות יצחק,נגב
עין צורים,נגב
יראון,גולן גליל
ג'לג'וליה,מרכז
ג'ת,מרכז
כפר ברא,מרכז
כפר קאסם,מרכז
מוקייבלה,עמקים
מוקיבלה,עמקים
צנדלה,עמקים
ערערה,מרכז
קלנסווה,מרכז
מצר,מרכז
מייסר,מרכז
איבטין,עמקים
אבטין,עמקים
כפר קרע,מרכז
שייח' דנון,גולן גליל
שער אפרים,מרכז
חוסן,גולן גליל
כיסרא סמיע,גולן גליל
טירת יהודה,השפלה וההר
כרם בן זמרה,גולן גליל
תקומה,נגב
עומר,נגב
ברעם,גולן גליל
מפלסים,נגב
משמר איילון,השפלה וההר
בית נקופה,השפלה וההר
כפר טרומן,השפלה וההר
לימן,גולן גליל
הבונים,מרכז
עין השלושה,נגב
הסוללים,עמקים
מעגן,עמקים
אביאל,מרכז
אומץ,מרכז
גבעת שמואל,מרכז
אליקים,עמקים
גבע כרמל,מרכז
היוגב,עמקים
בניה,השפלה וההר
נווה ימין,מרכז
עין איילה,מרכז
עלמה,גולן גליל
מגדים,מרכז
כפר אחים,השפלה וההר
שפיר,נגב
"נתיב הל""ה",השפלה וההר
נתיב הל''ה,השפלה וההר
מעגן מיכאל,מרכז
מגן,נגב
כפר חב''ד,השפלה וההר
"כפר חב""ד",השפלה וההר
בארותיים,מרכז
בורגתה,מרכז
ניר ישראל,נגב
חצב,השפלה וההר
ארבל,עמקים
האון,עמקים
גבעת עוז,עמקים
נחשונים,מרכז
גיאה,נגב
כפר דניאל,השפלה וההר
עמקה,גולן גליל
תפרח,נגב
בית זית,השפלה וההר
עזריה,השפלה וההר
בן עמי,גולן גליל
רעים,נגב
ארז,נגב
להבות חביבה,מרכז
אייל,מרכז
חגור,מרכז
ירחיב,מרכז
תל קציר,עמקים
ניר גלים,השפלה וההר
שדה אילן,עמקים
מגשימים,מרכז
בית הגדי,נגב
הודיה,נגב
הודייה,נגב
תלמי יחיאל,השפלה וההר
משמר השבעה,השפלה וההר
אזור תעשייה נ.ע.מ,נגב
אליפלט,גולן גליל
כורזים ורד הגליל,גולן גליל
מישר,השפלה וההר
משמר הירדן,גולן גליל
גן יאשיה,מרכז
רמות מאיר,השפלה וההר
גילת,נגב
עולש,מרכז
דור,מרכז
שדה עוזיהו,השפלה וההר
אשתאול,השפלה וההר
שואבה,השפלה וההר
מסילת ציון,השפלה וההר
כפר שמואל,השפלה וההר
תלמי יפה,נגב
גמזו,השפלה וההר
ברכיה,נגב
בית שקמה,נגב
מסלול,נגב
פטיש,נגב
פדויים,נגב
בית מאיר,השפלה וההר
תעוז,השפלה וההר
ינוב,מרכז
גורן,גולן גליל
בית עזרא,השפלה וההר
מצליח,השפלה וההר
יד חנה,מרכז
יציץ,השפלה וההר
בן זכאי,השפלה וההר
שובה,נגב
בטחה,נגב
שתולים,השפלה וההר
כפר מרדכי,השפלה וההר
משגב דב,השפלה וההר
קוממיות,נגב
פורת,מרכז
אתר דודאים,נגב
כרמייה,נגב
כרמיה,נגב
ניר עציון,מרכז
מבוא ביתר,השפלה וההר
אמונים,השפלה וההר
עמיקם,מרכז
צוריאל,גולן גליל
יד נתן,נגב
מחסיה,השפלה וההר
נחשון,השפלה וההר
תרום,השפלה וההר
עמינדב,השפלה וההר
אורה,השפלה וההר
אבן ספיר,השפלה וההר
בית נחמיה,השפלה וההר
אחיהוד,גולן גליל
כפר זיתים,עמקים
גבעת יערים,השפלה וההר
זיתן,השפלה וההר
רנן,נגב
משען,נגב
נתיב השיירה,גולן גליל
גבעתי,השפלה וההר
עגור,השפלה וההר
יערה,גולן גליל
צלפון,השפלה וההר
אחיעזר,השפלה וההר
יגל,השפלה וההר
זכריה,השפלה וההר
בית חנניה,מרכז
חמד,השפלה וההר
"גבעת כ""ח",השפלה וההר
גבעת כ''ח,השפלה וההר
יושיביה,נגב
מרעית,נגב
אחיסמך,השפלה וההר
ישעי,השפלה וההר
עין יהב,נגב
חניאל,מרכז
ניר אליהו,מרכז
נחם,השפלה וההר
עופר,מרכז
יכיני,נגב
שלומי,גולן גליל
עין יעקב,גולן גליל
תלמים,נגב
זבדיאל,נגב
זנוח,השפלה וההר
עזריקם,השפלה וההר
זרחיה,השפלה וההר
אביגדור,השפלה וההר
חלץ,נגב
אחוזם,נגב
מטע,השפלה וההר
בר גיורא,השפלה וההר
כוכב מיכאל,נגב
נס הרים,השפלה וההר
עוזה,נגב
נווה מבטח,השפלה וההר
ישרש,השפלה וההר
מבטחים,נגב
ירוחם,נגב
נורית,עמקים
גנות,השפלה וההר
עזריאל,מרכז
פדיה,השפלה וההר
פתחיה,השפלה וההר
כיסופים,נגב
אלישמע,מרכז
געש,מרכז
מרגליות,גולן גליל
נחל עוז,נגב
כפר עזה,נגב
שפר,גולן גליל
בית רבן,השפלה וההר
דבירה,נגב
אחיטוב,מרכז
ניצני עוז,מרכז
גונן,גולן גליל
גאליה,השפלה וההר
רחוב,עמקים
שעלבים,השפלה וההר
כפר אביב,השפלה וההר
נווה ירק,מרכז
כסלון,השפלה וההר
שדה אליעזר,גולן גליל
גני יוחנן,השפלה וההר
גינתון,השפלה וההר
בקוע,השפלה וההר
שיבולים,נגב
יטבתה,נגב
אלוני יצחק,מרכז
גבעת השלושה,מרכז
עינת,מרכז
גאולי תימן,מרכז
שלווה,נגב
מגדל העמק,עמקים
כפר עבודה,מרכז
בית חירות,מרכז
עין שריד,מרכז
אורנים,עמקים
רמת-פנקס,מרכז
שדה בוקר,נגב
איתנים,השפלה וההר
"כפר הרי""ף",נגב
כפר חסידים ב',עמקים
כפר הנוער הדתי,עמקים
עבדון,גולן גליל
מדרשת רופין,מרכז
שבלי - אום אל-גנם,עמקים
ישע,נגב
עצמון שגב,גולן גליל
עצמון,גולן גליל
גבעת ישעיהו,השפלה וההר
שער מנשה,מרכז
רכסים,עמקים
נווה אבות,מרכז
אבו עמרה (שבט),נגב
אבו סריחאן (שבט),נגב
מסעודין אל-עזאזמה (שבט),נגב
סואעד (חמרייה)*,עמקים
בסמת טבעון,עמקים
חוג'ייראת (ד'הרה) (שבט),גולן גליל
הוזייל (שבט),נגב
עוקבי (בנו עוקבה) (שבט),נגב
אבו עבדון (שבט),נגב
אפיניש (שבט),נגב
אסד (שבט),נגב
אבו רוקייק (שבט),נגב
טובא-זנגרייה,גולן גליל
טובא זנגריה,גולן גליל
אעצם (שבט),נגב
קודייראת א-צאנע (שבט),נגב
אטרש (שבט),נגב
אבו רובייעה (שבט),נגב
אבו ג'ווייעד (שבט),נגב
אבו קורינאת (שבט),נגב
אבו קרינאת,נגב
עטאוונה (שבט),נגב
תראבין א-צאנע (שבט),נגב
בתי מלון ים המלח,נגב
קוואעין (שבט),נגב
זרזיר,עמקים
ג'נאביב (שבט),נגב
כעביה-טבאש-חג'אג'רה,עמקים
כעביה טבאש,עמקים
ח'ואלד (שבט),עמקים
ח'וואלד,עמקים
סואעד (כמאנה) (שבט),גולן גליל
ראס עלי,עמקים
חמאם,עמקים
מנשית זבדה,עמקים
רומת הייב,עמקים
ביר אל-מכסור,עמקים
מבשרת ציון,השפלה וההר
פנימיית עין כרם,השפלה וההר
אור עקיבא,מרכז
אזור תעשייה הר טוב,השפלה וההר
חרוצים,מרכז
ואדי אל נעם דרום,נגב
שדרות,נגב
מכללת ספיר,נגב
קריית מלאכי,השפלה וההר
אזור תעשייה תימורים,השפלה וההר
נצאצרה (שבט),נגב
כושי רמון,נגב
אבו עמאר (שבט),נגב
גיזו,השפלה וההר
יעף,מרכז
שתולה,גולן גליל
אוהד,נגב
חזון,גולן גליל
אפעל  סמינר,מרכז
רמת-אפעל,מרכז
בית חשמונאי,השפלה וההר
תלמי אליהו,נגב
קטורה,נגב
עין חצבה,נגב
תל שבע,נגב
"עין כרם-בי""ס חקלאי",השפלה וההר
נווה זוהר,נגב
שדה ניצן,נגב
כסיפה,נגב
כסייפה,נגב
לקיה,נגב
נוף הגליל,עמקים
נ.אפרים-מנסון,מרכז
מעלות-תרשיחא,גולן גליל
מעלות תרשיחא,גולן גליל
אמירים,גולן גליל
זמרת,נגב
"בני עי""ש",השפלה וההר
בני עי''ש,השפלה וההר
"דוב""ב",גולן גליל
דוב''ב,גולן גליל
אדמית,גולן גליל
רם-און,עמקים
רם און,עמקים
אביעזר,השפלה וההר
נווה מיכאל,השפלה וההר
גן הדרום,השפלה וההר
בית ברל,מרכז
גבעת שפירא,מרכז
צפרירים,השפלה וההר
מבועים,נגב
אבן מנחם,גולן גליל
מעגלים,נגב
תושייה,נגב
בן שמן (כפר נוער),השפלה וההר
באר גנים,נגב
כרם שלום,נגב
תארבין,נגב
חוות-שלם,מרכז
כרם ביבנה,השפלה וההר
כרם יבנה (ישיבה),השפלה וההר
גבעת וושינגטון,השפלה וההר
כפר מימון,נגב
כפר מימון ותושיה,נגב
מרכז שפירא,נגב
צוקי ים,מרכז
גני הדר,השפלה וההר
פורייה - כפר עבודה,עמקים
פורייה - נווה עובד,עמקים
שערי אברהם,השפלה וההר
אומן,עמקים
חבר,עמקים
צופייה,השפלה וההר
יודפת,גולן גליל
צור הדסה,השפלה וההר
שריגים (לי-און),השפלה וההר
אביבים,גולן גליל
יעל,עמקים
אדרת,השפלה וההר
נאות הכיכר,נגב
אלמגור,עמקים
אילות,נגב
מעלה גלבוע,עמקים
מי עמי,מרכז
גרופית,נגב
כפר רוזנואלד (זרעית),גולן גליל
שניר,גולן גליל
ורדון,נגב
יד השמונה,השפלה וההר
צוחר,נגב
קריית יערים,השפלה וההר
עין אל אסד,גולן גליל
יעד,גולן גליל
מעלה צביה,גולן גליל
כרמיאל,גולן גליל
אזור תעשייה כרמיאל,גולן גליל
מדרשת בן גוריון,נגב
מרחצאות עין גדי,נגב
מבוא מודיעים,השפלה וההר
נס עמים,גולן גליל
ידידה,השפלה וההר
אלומה,נגב
עלומים,נגב
נטועה,גולן גליל
צור נתן,מרכז
עזר,השפלה וההר
צופר,נגב
פארן,נגב
אשלים,נגב
כישור,גולן גליל
מלכישוע,עמקים
מגן שאול,עמקים
סמר,נגב
אחווה,השפלה וההר
יהל,נגב
שכניה,גולן גליל
רהט,נגב
בית רימון,עמקים
מורן,גולן גליל
שילת,השפלה וההר
כפר רות,השפלה וההר
קיסריה,מרכז
אזור תעשייה אלון התבור,מרכז
הוואשלה (שבט),נגב
סייד (שבט),נגב
לוטם,גולן גליל
תובל,גולן גליל
לפידות,גולן גליל
מנוף,גולן גליל
עידן,נגב
ספיר,נגב
טללים,נגב
מורשת,גולן גליל
קורנית,גולן גליל
צביה,גולן גליל
טל-אל,גולן גליל
אלון הגליל,עמקים
כליל,גולן גליל
מתת,גולן גליל
פלך,גולן גליל
הושעיה,עמקים
עיר אובות,נגב
אשחר,גולן גליל
עין כמונים,עמקים
מצפה נטופה,עמקים
מע'אר,עמקים
בר יוחאי,גולן גליל
ערערה-בנגב,נגב
ערערה בנגב,נגב
ניצנה (קהילת חינוך),נגב
מחנה יתיר,נגב
נאות סמדר,נגב
כרמים,נגב
עדי,עמקים
מודיעין-מכבים-רעות*,השפלה וההר
מודיעין,השפלה וההר
כמון,גולן גליל
מכמנים,גולן גליל
הררית יחד,גולן גליל
הררית,גולן גליל
גילון,גולן גליל
מנות,גולן גליל
גיתה,גולן גליל
לבון,גולן גליל
הילה,גולן גליל
חרשים,גולן גליל
כחל,גולן גליל
קדרים,גולן גליל
עמוקה,גולן גליל
צבעון,גולן גליל
ג'ש,גולן גליל
טפחות,גולן גליל
גורנות הגליל,גולן גליל
אבירים,גולן גליל
צורית,גולן גליל
"מצפה אבי""ב",גולן גליל
שדי אברהם,נגב
כוכב יאיר,מרכז
רביד,עמקים
יובלים,גולן גליל
יתד,נגב
רקפת,גולן גליל
כלנית,גולן גליל
לבנים,גולן גליל
פרי גן,נגב
יבול,נגב
שקף,נגב
קבועה (שבט),נגב
שורשים,גולן גליל
נירית,מרכז
תלמי יוסף,נגב
סופה,נגב
חולית,נגב
עין הבשור,נגב
דקל,נגב
נתיב העשרה,נגב
תמרת,עמקים
סלמה,גולן גליל
עראמשה*,גולן גליל
ערב אל עראמשה,גולן גליל
חריש,מרכז
אליפז,נגב
הרדוף,עמקים
עין תמר,נגב
כורזים,גולן גליל
אמנון,גולן גליל
נטף,השפלה וההר
לוטן,נגב
אשרת,גולן גליל
חנתון,עמקים
מסד,עמקים
נווה שלום,השפלה וההר
רתמים,נגב
הר עמשא,נגב
צוקים,נגב
כפר ורדים,גולן גליל
ינוח,גולן גליל
כרמי יוסף,השפלה וההר
שומריה,נגב
שומרייה,נגב
שחרות,נגב
שיטים,נגב
מיתר,נגב
להבים,נגב
חלוץ,גולן גליל
גן נר,עמקים
אבטליון,גולן גליל
אשבל,גולן גליל
באר מילכה,נגב
נווה חריף,נגב
ניצני סיני,נגב
מירב,עמקים
תל תאומים,עמקים
נופית,עמקים
סואעד חמירה,עמקים
כרכום,גולן גליל
אזור תעשייה קדמת גליל,עמקים
שגב-שלום,נגב
שגב שלום,נגב
שני,נגב
גבעת אלה,עמקים
זמר,מרכז
כמהין,נגב
מצוקי דרגות,נגב
ג'דיידה-מכר,גולן גליל
אילניה,עמקים
גבעת אבני,עמקים
כפר נהר הירדן,עמקים
אור הגנוז,גולן גליל
יאנוח-ג'ת,גולן גליל
כסרא-סמיע,גולן גליל
כפר חנניה,גולן גליל
חורה,נגב
שוהם,השפלה וההר
שהם,השפלה וההר
כוכב יא-צוריג,מרכז
אלעד,השפלה וההר
לפיד,השפלה וההר
אבשלום,נגב
פורייה עילית,עמקים
פוריה עילית,עמקים
נווה זיו,גולן גליל
מתן,מרכז
אל -עריאן,מרכז
דמיידה,גולן גליל
מבואות ים,מרכז
בת חפר,מרכז
עין חוד,מרכז
ח'ואלד,עמקים
הודיות,עמקים
בת הדר,נגב
ארסוף,מרכז
כפר זוהרים,השפלה וההר
"בסמ""ה",מרכז
מעלה עירון,מרכז
אחוזת ברק,עמקים
כמאנה,גולן גליל
חוסנייה,גולן גליל
נוף איילון,השפלה וההר
ראס אל-עין,גולן גליל
ערב אל נעים,גולן גליל
אירוס,השפלה וההר
שמשית,עמקים
קדיתא,גולן גליל
כדיתה,גולן גליל
אזור תעשייה רמת דלתון,גולן גליל
אל -עזי,נגב
מרחב עם,נגב
אבו קורינאת (יישוב),נגב
מכחול,נגב
גבעות בר,נגב
צור יצחק,מרכז
תרבין א-צאנע (יישוב)*,נגב
קצר א-סר,נגב
'ביר הדאג,נגב
ביר הדאג',נגב
דריג'את,נגב
אום בטין,נגב
אל סייד,נגב
מולדה*,נגב
בת חן,מרכז
בני נצרים,נגב
אליאב,נגב
נווה,נגב
כחלה,נגב
מצפה אילן,מרכז
מחנה הילה,השפלה וההר
מחנה תל נוף,השפלה וההר
מחנה יהודית,עמקים
מחנה מרים,השפלה וההר
מחנה יפה,נגב
מחנה יוכבד,נגב
מחנה עדי,נגב
מחנה טלי,נגב
ניצן ב',נגב
מפעלי נחם הרטוב,השפלה וההר
נווה אילן,השפלה וההר
"מרכז כ""ח",גולן גליל
מפעלי גליל עליון,גולן גליל
תל חי (מכללה),גולן גליל
תל חי,גולן גליל
מרכז אזורי מרום הגליל,גולן גליל
מרכז אזורי מרום גליל,גולן גליל
א.תעשיה דלתון ,גולן גליל
מפעלי צמח,עמקים
בית חולים פוריה,עמקים
מרכז אזורי כדורי,עמקים
תעשיות גליל תחתון,עמקים
"מרכז מיר""ב*",מרכז
אילון תבור*,עמקים
מפעלי העמק (יזרעאל),עמקים
מפעלי שאן,עמקים
מגדל תפן,גולן גליל
מרכז אזורי משגב,גולן גליל
אזור תעסוקה משגב(תרדיון),גולן גליל
אזור תעשייה תרדיון,גולן גליל
"בי""ס אזורי מקיף (אשר)",גולן גליל
אזור תעשייה אכזיב (מילואות),גולן גליל
אזור תעשייה אכזיב מילואות,גולן גליל
אזור תעשייה נעמן (מילואות),גולן גליל
בר-לב,גולן גליל
מפעלי חבל מודיעים,השפלה וההר
בתי זיקוק - קישון,עמקים
מפעלי גרנות,מרכז
גבעת חביבה,מרכז
תעשיון השרון,השפלה וההר
תעשיון חצב,מרכז
תעשיון בנימין*,מרכז
מפעלי חפר,מרכז
קרית תעופה,השפלה וההר
מרכז אזורי שוהם,השפלה וההר
נמל תעופה בן-גוריון,השפלה וההר
תעשיון צריפין,השפלה וההר
תעשיון חבל יבנה,השפלה וההר
המרכז למחקר-נחל שורק,השפלה וההר
מפעלי כנות,השפלה וההר
תעשיון מבצע*,השפלה וההר
תעשיון ראם*,נגב
מפעלי צומת מלאכי,השפלה וההר
עד הלום,השפלה וההר
אזור תעשייה עד הלום,השפלה וההר
פארק תעשיות ספירים,נגב
קרית חינוך עזתה,נגב
"מפעלי אבשלו""ם",נגב
עשאהל,יהודה ושומרון
קריית חינוך מרחבים,נגב
מפעלי מעון,נגב
נאות חובב,נגב
מרכז אזורי דרום השרון,מרכז
אורון,נגב
עין בוקק,נגב
ים המלח - בתי מלון,נגב
מלונות ים המלח מרכז,נגב
מפעלי מישור רותם,נגב
מפעלי ים המלח(סדום),נגב
מפעלי צין - ערבה,נגב
מפעלי ברקן,נגב
"תעשיון שח""ק",נגב
שלומציון,נגב
תעשיון מיתרים,נגב
"מ""א מטה יהודה הרי יהודה ",השפלה וההר
"מ""א מטה יהודה שפלת יהודה ",השפלה וההר
"מ""א הגליל התחתון אזור כינרות",עמקים
"מ""א הגליל העליון עמק חולה",גולן גליל
"מ""א מבואות החרמון עמק חולה ",גולן גליל
מרכז אזורי מבואות חרמון,גולן גליל
"מ""א הגליל העליון גליל עליון מז",גולן גליל
"מ""א מבואות החרמון גליל עליון מז ",גולן גליל
כרמי גת,נגב
"מ""א מרום הגליל גליל עליון מז",גולן גליל
אל עמארני,נגב
"גליל עליון מז של""ש",גולן גליל
"מ""א הגליל העליון אזור חצור",גולן גליל
אזור תעשייה חצור הגלילית,גולן גליל
"מ""א מבואות החרמון אזור חצור ",גולן גליל
"אזור חצור של""ש",גולן גליל
"מ""א הגליל העליון אזור כנרות",גולן גליל
"מ""א עמק הירדן אזור כנרות",עמקים
"מ""א הגליל התחתון גליל תחתון מז",עמקים
צורית גילון,עמקים
"מ""א מרום הגליל גליל תחתון מז",גולן גליל
בית חגי,נגב
"מ""א עמק הירדן גליל תחתון מז",עמקים
"גליל תחתון מז של""ש",עמקים
הרי נצרת-תירען,עמקים
"מ""א עמק המעיינות עמק בית שאן",עמקים
"מ""א הגלבוע עמק חרוד",עמקים
"מ""א עמק המעיינות רמת כוכב",עמקים
"מ""א הגלבוע רמת כוכב",עמקים
"מ""א עמק יזרעאל רמת כוכב",עמקים
"מ""א הגלבוע עמק יזרעאל",עמקים
"מ""א עמק יזרעאל עמק יזרעאל",עמקים
"מ""א מגידו עמק יזרעאל ",עמקים
"מ""א עמק יזרעאל אזור יקנעם",עמקים
"מ""א מגידו אזור יקנעם ",עמקים
"מ""א מגידו רמת מנשה ",עמקים
"מ""א עמק יזרעאל הרי נצרת-תירען",עמקים
"מ""א עמק יזרעאל אזור שפרעם",עמקים
"מ""א משגב אזור שפרעם ",גולן גליל
"אזור שפרעם של""ש",גולן גליל
"מ""א מרום הגליל אזור כרמיאל",גולן גליל
"מ""א משגב אזור כרמיאל ",גולן גליל
"אזור כרמיאל של""ש",גולן גליל
"מ""א מטה אשר אזור יחיעם",גולן גליל
"מ""א מעלה יוסף אזור יחיעם ",גולן גליל
"מ""א מרום הגליל אזור יחיעם",גולן גליל
"מ""א משגב אזור יחיעם ",גולן גליל
"אזור יחיעם של""ש",גולן גליל
"מ""א מעלה יוסף אזור אילון ",גולן גליל
"מ""א מטה אשר אזור אילון",גולן גליל
"אזור אילון של""ש",גולן גליל
"מ""א משגב בקעת נטופה ",גולן גליל
"מ""א מטה אשר אזור נהרייה",גולן גליל
"אזור נהרייה של""ש",גולן גליל
אזור תעשייה שער נעמן,גולן גליל
"מ""א משגב אזור עכו ",גולן גליל
ג'דידה מכר,גולן גליל
"מ""א מטה אשר אזור עכו",גולן גליל
שלומית,נגב
"אזור עכו של""ש",גולן גליל
בית העלמין החדש עכו
"מ""א זבולון אזור חיפה ",עמקים
"מ""א הגלבוע נחל תבור",עמקים
"אזור חיפה של""ש",מרכז
"מ""א עמק יזרעאל יערות גבעת המורה",עמקים
"מ""א חוף הכרמל חוף הכרמל ",מרכז
"מ""א עמק יזרעאל אזור תעשיה אכסאל",עמקים
"מ""א חוף הכרמל אזור זכרון יעקב ",מרכז
"אזור זכרון יעקב של""ש",מרכז
"מ""א אלונה הר אלכסנדר ",מרכז
"מ""א מנשה הר אלכסנדר ",מרכז
אל פורעה,נגב
"הר אלכסנדר של""ש",מרכז
"מ""א אלונה אזור חדרה ",מרכז
"מ""א חוף הכרמל אזור חדרה ",מרכז
"מ""א מנשה אזור חדרה ",מרכז
"אזור חדרה של""ש",מרכז
"מ""א עמק חפר עמק חפר מזרח ",עמקים
"מ""א עמק חפר מערב השרון ",מרכז
"מ""א לב השרון מערב השרון ",מרכז
"מ""א חוף השרון מערב השרון ",מרכז
"מ""א עמק חפר מזרח השרון ",מרכז
"מ""א לב השרון מזרח השרון ",מרכז
"מ""א דרום השרון דרום השרון ",מרכז
"מ""א הגליל התחתון נחל יפתחאל",עמקים
"מ""א הגליל התחתון בקעת תירען",עמקים
"דרום השרון של""ש",מרכז
מעון צופיה,השפלה וההר
"מ""א חבל מודיעין אזור פתח תקווה ",השפלה וההר
"מ""א חבל מודיעין אזור מודיעין ",עמקים
"מ""א דרום השרון אזור פתח תקווה ",מרכז
אזור תעשייה אפק ולב הארץ,מרכז
"אזור פתח תקווה של""ש",השפלה וההר
"מ""א גזר אזור מודיעין ",מרכז
בני דקלים,השפלה וההר
"מ""א גזר אזור רמלה ",השפלה וההר
אזור תעשייה נשר,השפלה וההר
"מ""א עמק לוד אזור רמלה ",השפלה וההר
כפר נוער בן שמן,השפלה וההר
"אזור רמלה של""ש",השפלה וההר
שדה אברהם,נגב
"אזור מודיעין של""ש",מרכז
עבדת,נגב
"מ""א ברנר אזור רחובות ",השפלה וההר
"מ""א גדרות אזור רחובות ",השפלה וההר
מתחם צומת שוקת,נגב
"מ""א גזר אזור רחובות ",השפלה וההר
"מ""א חבל יבנה אזור רחובות ",השפלה וההר
"מ""א נחל שורק אזור רחובות ",השפלה וההר
"אזור רחובות של""ש",השפלה וההר
"מ""א גן רווה אזור ראשל""צ ",השפלה וההר
"אזור ראשל""צ של""ש",השפלה וההר
"אזור רמת גן של""ש",מרכז
"אזור חולון של""ש",מרכז
"מ""א באר טוביה אזור מלאכי ",השפלה וההר
"מ""א יואב אזור מלאכי ",נגב
"מ""א לכיש אזור מלאכי ",נגב
"מ""א שפיר אזור מלאכי ",נגב
"מ""א יואב אזור לכיש ",נגב
"מ""א לכיש אזור לכיש ",נגב
"מ""א שפיר אזור לכיש ",נגב
"מ""א בני שמעון אזור לכיש ",נגב
"מ""א באר טוביה אזור אשדוד ",השפלה וההר
"מ""א חבל יבנה אזור אשדוד ",השפלה וההר
"אזור אשדוד של""ש",השפלה וההר
אזור תעשייה צפוני אשקלון,נגב
"מ""א חוף אשקלון אזור אשקלון ",נגב
אזור תעשייה הדרומי אשקלון,נגב
"מ""א שער הנגב אזור אשקלון ",נגב
"מ""א בני שמעון אזור גרר ",נגב
"מ""א מרחבים אזור גרר ",נגב
"מ""א שדות נגב אזור גרר ",נגב
"מ""א אשכול אזור בשור ",נגב
"מ""א מרחבים אזור בשור ",נגב
"מ""א שדות נגב אזור בשור ",נגב
"מ""א בני שמעון אזור באר שבע ",נגב
"מ""א תמר אזור באר שבע ",נגב
"אזור באר שבע של""ש",נגב
"מ""א תמר אזור ים המלח ",נגב
"מ""א חבל אילות הערבה ",נגב
"מ""א הערבה התיכונה הערבה ",נגב
"מ""א חבל אילות הר הנגב הצפוני ",נגב
"מ""א רמת נגב הר הנגב הצפוני ",נגב
"מ""א תמר הר הנגב הצפוני ",נגב
"מ""א הערבה התיכונה הר הנגב הצפוני ",נגב
"מ""א חבל אילות הר הנגב הדרומי ",נגב
"מ""א הערבה התיכונה הר הנגב הדרומי ",נגב
"מ""א רמת נגב הר הנגב הדרומי ",נגב
"מ""א גולן חרמון ",גולן גליל
"מ""א גולן גולן צפוני ",גולן גליל
"מ""א גולן גולן תיכון ",גולן גליל
"מ""א גולן גולן דרומי ",גולן גליל
תנובות,מרכז
תלמי אלעזר,מרכז
כנות,השפלה וההר
שדה יצחק,מרכז
יובל,גולן גליל
כפר בן נון,השפלה וההר
ינון,השפלה וההר
אורות,השפלה וההר
בן שמן (מושב),השפלה וההר
גבעולים,נגב
שדי חמד,מרכז
רוויה,עמקים
גבעת חיים (איחוד),מרכז
אשל הנשיא,נגב
להב,נגב
אום אל-קוטוף,מרכז
ירדנה,עמקים
מדרך עוז,עמקים
מנוחה,נגב
בית חלקיה,השפלה וההר
חצור הגלילית,גולן גליל
עדנים,מרכז
ברקת,השפלה וההר
אזור תעשייה חבל מודיעין,השפלה וההר
קריית יערים (מוסד),השפלה וההר
עין גדי,נגב
בחן,מרכז
מלילות,נגב
נחלה,נגב
סגולה,נגב
ניר משה,נגב
ניר עקיבא,נגב
שדה צבי,נגב
"תלמי ביל""ו",נגב
רווחה,נגב
אביטל,עמקים
פרזון,עמקים
מיטב,עמקים
מאור,מרכז
שדי תרומות,עמקים
פעמי תש''ז,נגב
"פעמי תש""ז",נגב
ברוש,נגב
תדהר,נגב
תאשור,נגב
דישון,גולן גליל
זרועה,נגב
טירת כרמל,מרכז
דימונה,נגב
אזור תעשייה דימונה,נגב
קריית טבעון,עמקים
אור יהודה,מרכז
נשר,עמקים
גני טל,השפלה וההר
באר יעקב,השפלה וההר
גדרה,השפלה וההר
נטע,נגב
ערד,נגב
אזור תעשייה ברוש,השפלה וההר
אילת,נגב
גבעות עדן,השפלה וההר
בית שמש,השפלה וההר
לטרון,השפלה וההר
קריית אונו,מרכז
אזור תעשייה קריית גת,נגב
קריית גת,נגב
גת,נגב
ראש העין,מרכז
תחנת רכבת ראש העין,מרכז
רמת השרון,מרכז
גלילות,מרכז
סינמה סיטי גלילות,מרכז
יבנה,השפלה וההר
אום אל-פחם,מרכז
טל מנשה,מרכז
טירה,מרכז
טייבה,מרכז
זבארגה (שבט),נגב
קריית שמונה,גולן גליל
תל חי,גולן גליל
ירושלים,השפלה וההר
חוות שדה בר,השפלה וההר
כפר עציון,השפלה וההר
גבעות,השפלה וההר
נתיב הגדוד,עמקים
ביר אלמכסור,עמקים
אלמוג,עמקים
שני ליבנה,נגב
קדומים,יהודה ושומרון
חירן,נגב
תומר,עמקים
דניאל,מרכז
אלקנה,יהודה ושומרון
גניגר,עמקים
מגדל עוז,השפלה וההר
אזור תעשייה כנות,השפלה וההר
תקוע,השפלה וההר
פני קדם,השפלה וההר
כוכב השחר,נגב
רימונים,נגב
יפית,עמקים
סלעית,יהודה ושומרון
ריחן,יהודה ושומרון
מבוא דותן,יהודה ושומרון
אריאל,יהודה ושומרון
מצדה,נגב
שבי שומרון,יהודה ושומרון
כפר תפוח,יהודה ושומרון
חלמיש,יהודה ושומרון
בית אל,יהודה ושומרון
בית חורון,השפלה וההר
מצפה יריחו,נגב
שדמות מחולה,עמקים
אלון מורה,יהודה ושומרון
ארגמן,עמקים
מחולה,עמקים
קליה,עמקים
ראש צורים,השפלה וההר
הר גילה,השפלה וההר
אלון שבות,יהודה ושומרון
משואה,עמקים
אתר ההנצחה גולני,עמקים
גלגל,עמקים
"ייט""ב",עמקים
מעלה אפרים,עמקים
חמרה,עמקים
מצפה שלם,עמקים
קריית ארבע,נגב
קרית ארבע,נגב
בקעות,עמקים
גיתית,עמקים
מכורה,עמקים
פצאל,עמקים
מעלה אדומים,השפלה וההר
עפרה,יהודה ושומרון
אלעזר,יהודה ושומרון
רועי,עמקים
נירן,עמקים
מעלה שומרון,יהודה ושומרון
כפר אדומים,נגב
ורד יריחו,עמקים
קרני שומרון,יהודה ושומרון
שילה,יהודה ושומרון
חיננית,יהודה ושומרון
גבעון החדשה,השפלה וההר
בית הערבה,עמקים
חמדת,עמקים
יקיר,יהודה ושומרון
מתתיהו,השפלה וההר
מעלה חבר,השפלה וההר
שקד,נגב
מיצד,השפלה וההר
אפרת,השפלה וההר
חברון,השפלה וההר
מעלה מכמש,נגב
תל ערד,נגב
בית אריה,נגב
אזור תעשייה מיתרים,נגב
מעלה עמוס,השפלה וההר
אזור תעשייה שחורת,נגב
ברקן,יהודה ושומרון
חוות יאיר,יהודה ושומרון
"ניל""י",השפלה וההר
כרמל,נגב
מעון,נגב
עטרת,נגב
פסגות,השפלה וההר
עמנואל,יהודה ושומרון
מבוא חורון,השפלה וההר
ברכה,יהודה ושומרון
ענב,יהודה ושומרון
"נעמ""ה",עמקים
עלמון,השפלה וההר
חרמש,יהודה ושומרון
תלם,יהודה ושומרון
שערי תקווה,יהודה ושומרון
אשכולות,יהודה ושומרון
פני חבר,יהודה ושומרון
נגוהות,יהודה ושומרון
נווה דניאל,השפלה וההר
כפר אלדד,השפלה וההר
נוקדים,השפלה וההר
מעלה רחבעם,השפלה וההר
עלי זהב,נגב
כדים,מרכז
גבעת זאב,השפלה וההר
טנא,יהודה ושומרון
מצדות יהודה,יהודה ושומרון
קריית נטפים,יהודה ושומרון
דולב,יהודה ושומרון
עתניאל,יהודה ושומרון
יצהר,יהודה ושומרון
הר ברכה,יהודה ושומרון
אלפי מנשה,יהודה ושומרון
מגדלים,יהודה ושומרון
מעלה לבונה,נגב
אספר,השפלה וההר
סוסיה,נגב
סוסיא,נגב
אדורה,יהודה ושומרון
אורנית,יהודה ושומרון
אזור תעשייה עידן הנגב,נגב
איתמר,יהודה ושומרון
גבע בנימין,השפלה וההר
חגי,נגב
עלי,נגב
כרמי צור,השפלה וההר
נחליאל,נגב
פדואל,נגב
הר אדר,השפלה וההר
חשמונאים,השפלה וההר
סנסנה,נגב
עץ אפרים,נגב
כוכב יעקב,השפלה וההר
ביתר עילית,השפלה וההר
קדר,השפלה וההר
רותם,עמקים
שמעה,נגב
משכיות,עמקים
אבנת,עמקים
נעלה,השפלה וההר
טלמון,נגב
נופים,נגב
צופים,נגב
אבני חפץ,יהודה ושומרון
בת עין,השפלה וההר
רבבה,נגב
כפר האורנים,השפלה וההר
מודיעין עילית,השפלה וההר
רחלים,נגב
מבואות יריחו,עמקים
אורון תעשייה ומסחר,עמקים
חיפה,עמקים
בית עלמין תל רגב,עמקים
בוקעאתא,גולן גליל
בוקעתא,גולן גליל
אלי-עד,גולן גליל
אלי עד,גולן גליל
אל -רום,גולן גליל
כפר חרוב,גולן גליל
חספין,גולן גליל
קשת,גולן גליל
יונתן,גולן גליל
מעלה גמלא,גולן גליל
שעל,גולן גליל
חוות גלעד,יהודה ושומרון
אודם,גולן גליל
אל רום,גולן גליל
אבני איתן,גולן גליל
אניעם,גולן גליל
אבו תלול,נגב
אורטל,גולן גליל
נטור,גולן גליל
בני יהודה,גולן גליל
אלוני הבשן,גולן גליל
מיצר,גולן גליל
בני יהודה וגבעת יואב,גולן גליל
גבעת יואב,גולן גליל
אזור תעשייה בני יהודה,גולן גליל
גשור,גולן גליל
קלע,גולן גליל
קדמת צבי,גולן גליל
חד-נס,גולן גליל
כנף,גולן גליל
קצרין,גולן גליל
מרום גולן,גולן גליל
מג'דל שמס,גולן גליל
מסעדה,גולן גליל
נמרוד, גולן גליל
מבוא חמה,גולן גליל
אפיק,גולן גליל
חמת גדר,גולן גליל
"נווה אטי""ב",גולן גליל
נווה אטי''ב,גולן גליל
נוב,גולן גליל
ע'ג'ר,גולן גליל
עין קנייא,גולן גליל
עין זיוון,גולן גליל
נאות גולן,גולן גליל
רמת מגשימים,גולן גליל
רמות,גולן גליל
תל אביב -יפו,מרכז
תל אביב,מרכז
מצפה אבי''ב,עמקים
באקה אל-גרביה,מרכז
באקה אל גרבייה,מרכז
בני ברק,מרכז
בת ים,מרכז
גבעתיים,מרכז
הרצלייה,מרכז
הרצליה,מרכז
חדרה,מרכז
חולון,מרכז
קדש ברנע,נגב
טבריה,עמקים
קריית אתא,עמקים
כפר סבא,מרכז
לוד,השפלה וההר
אשקלון,נגב
אל מסק,מרכז
נס ציונה,השפלה וההר
עינבר,עמקים
נצרת,עמקים
מרכז חבר,עמקים
נתניה,מרכז
קדימה,מרכז
סח'נין,גולן גליל
סכנין, גולן גליל
נופי נחמיה,יהודה ושומרון
עכו,גולן גליל
אזור תעשייה מבואות הגלבוע,עמקים
עפולה,עמקים
נין,עמקים
פרדס חנה-כרכור,מרכז
ישובי יעל,עמקים
פתח תקווה,מרכז
ממשית,נגב
צפת,גולן גליל
בית יתיר,נגב
קריית מוצקין,עמקים
רטורנו,השפלה וההר
ראשון לציון,השפלה וההר
רחובות,השפלה וההר
רמלה,השפלה וההר
רמת גן,מרכז
רעננה,מרכז
שפרעם,עמקים
טמרה,גולן גליל
באר שבע,נגב
כרמית,נגב
נהרייה,גולן גליל
נהריה,גולן גליל
ינוח ג'ת,גולן גליל
בית שאן,עמקים
זכרון יעקב,מרכז
יהוד,מרכז
קריית ביאליק,עמקים
קריית ים,עמקים
איזור תעשייה מילואות צפון,עמקים
אזור תעשייה קריית ביאליק,עמקים
הוד השרון,מרכז
בנימינה-גבעת עדה,מרכז
פקיעין החדשה,גולן גליל
אזור תעשייה טמרה,עמקים
